<?xml version="1.0" encoding="utf-8"?>
<extension type="component" version="1.6.0" method="upgrade">
    <name>Mojoom</name>
	<license>Open Source License, GPL v2 based</license>
	<author>Dasinfomedia Team</author>
	<authorEmail>sales@dasinfomedia.com</authorEmail>
	<authorUrl>http://www.dasinfomedia.com</authorUrl>
	<creationDate>29 sept 2011</creationDate>
	<copyright>2003 - 2011, Dasinfomedia Pvt Ltd</copyright>
	<version>1.0.0</version>
	<description>Mobile base social Networking with many more...</description>
 	<installfile>install/install.php</installfile>
	<uninstallfile>install/uninstall.php</uninstallfile>
        <!-- Runs on install/uninstall/update; New in 1.6 -->
        <install>
			<sql>
				<file driver="mysql" charset="utf8">install/mojoom.sql</file>
			</sql>
		</install>
		
		<uninstall>
		</uninstall>
 
        <!-- Site Main File Copy Section -->
        <!-- Note the folder attribute: This attribute describes the folder
                to copy FROM in the package to install therefore files copied
                in this section are copied from /site/ in the package -->
        <files folder="site">
			<folder>controllers</folder>
			<folder>images</folder>
			<folder>css</folder>
			<folder>models</folder>
			<folder>views</folder>
			<filename>controller.php</filename>
			<filename>mojoom.php</filename>
			<filename>index.html</filename>
    	</files>
 
        <languages>
			<language tag="en-GB">languages/site/en-GB.com_mojoom.ini</language>
		</languages>
 
        <administration>
			<menu img="../components/com_mojoom/images/mojoom.png">Mojoom</menu>
			<files folder="admin">
				<folder>controllers</folder>
				<folder>images</folder>
				<folder>tables</folder>
				<folder>install</folder>
				<folder>models</folder>
				<folder>views</folder>
				<folder>template</folder>
				<filename>controller.php</filename>
				<filename>mojoom.php</filename>
				<filename>index.html</filename>
			</files>
			<languages>
				<language tag="en-GB">languages/admin/en-GB.com_mojoom.ini</language>
			</languages>
		</administration>
	    
</extension>